trip_id_unique,trip_duration_in_minutes
110003c,73.0811460274955
110106b,99.40106210739535
110112b,75.48437811055659
110130c,73.24566177864149
110209b,84.4086295702272
110249b,75.75746071455882
110271b,59.98728953025196
110305b,107.10230651646852
110309b,53.56696492891237
110356c,50.54884762833016
110363b,85.73587468913117
110377b,64.83342235802462
110378b,69.88743925409847
110381b,95.49360135405365
110394c,118.42642634501388
110395c,71.68811699147128
110411b,75.49605615018312
110418c,89.74138578855593
110421b,45.35299246133083
110437c,111.26874618906584
110443c,87.66905347889896
110451b,64.56543302223108
110523b,81.24173725398397
110526b,62.712304137665356
110529b,64.53307574902084
110552c,103.82292821747363
110566c,71.18408338859611
110569b,39.10430350050971
110569c,55.72701640723006
110570c,56.18110819959496
110582b,77.44732827698915
110661c,74.69667301861594
110679c,108.15713417682073
110682c,83.4346595766371
110711b,55.02295410910518
110715b,56.84701600568505
110726b,71.31823286520256
110731b,55.83219487836321
110732b,55.15209256422989
110748b,59.328615499880286
110749b,46.14276686578863
110752b,53.025087111518914
110759c,73.18460762545605
110793b,104.79645734969594
110801b,65.41498547294881
110835b,48.87418456816714
110835c,63.19938012044565
110836c,67.9494229344896
110838b,55.01807751667754
110858c,102.31655077349284
110863c,51.60267605003976
110865c,74.38662236418217
110896c,86.19067764470374
110902c,76.18513965550959
110916b,109.66058575672281
110955c,85.56776293885909
110956b,57.38077208339468
110978c,80.30596273959912
111085c,77.96562369207001
111151c,82.82263368272267
111211c,75.12189818400998
111222c,97.46641847361789
111224c,72.34312427605524
111225c,108.82812036770177
111232c,30.304323771932125
111238b,64.42374111357586
111240b,63.59572390122499
111271b,84.40503415560516
111283b,61.493105344109416
111315c,66.2417943757356
111324b,94.58121136437403
111327b,109.62342948020805
111329b,72.03239056506246
111334c,81.6238102059883
111345c,75.95326645250181
111365b,54.75926430965646
111366b,58.47878661552501
111381b,56.28103462895755
111418b,86.56998348413788
111444c,54.107639983726415
111455b,49.42296886846564
111470b,94.38008074489413
111472b,69.68269159730781
111482b,74.32998897735881
111529b,47.97355414979477
111635b,49.044347469246006
111646b,56.76262279055632
111646c,81.84790883821937
111656c,57.95443216472367
111663b,57.80651275977401
111688b,50.27405557263752
111689b,56.64328467986868
111691b,73.18118515247825
111698c,92.05020257639438
111741c,56.513422843646254
111752b,70.99505002323318
111809a,90.29619989082319
111815c,82.71573062414595
111816c,77.6625997756162
111825c,96.85361150565481
111859b,74.47330934505642
111873b,59.936514053355666
111907c,77.64431115952935
111908c,75.68650429518024
111939b,77.31383378184607
111940c,77.30370817745711
111946b,50.89167827684812
111999a,98.99846458244619
112014c,67.8005556130701
112016c,73.65450046805688
112017c,60.18159480863668
112027c,62.06264043374085
112035c,91.18465120380607
112036c,53.5823904925917
112044c,105.27146318029823
112047c,67.70082115838163
112076c,53.44083231150416
112119c,73.05780747652805
112163c,75.69860704953997
112236c,80.188373310829
112344c,90.58140049931127
112400c,56.16491739856071
112472c,55.72571925984373
112500c,64.95109244667546
112511c,74.6855055293766
112641c,86.64636366976617
112642c,84.76741337032894
112700a,86.41576988357095
112708a,74.45125752701745
112738c,84.92534468779257
112754c,83.98770207833756
112765c,70.12967006996296
112799c,78.30812012170709
112964c,65.01450042875987
113101c,61.763114875926455
113314a,67.66268192562552
113385c,76.93296946375733
113386c,58.9873472357022
113552c,57.21569139108663
113584c,92.48601187217011
113587c,67.13937970407389
113733c,88.65988032029459
113851c,63.16872255934854
113972c,76.79395218208124
113981c,93.17132823388387
114131c,80.33819011201342
114139c,88.62577128887084
114204c,95.45411885041264
114206c,60.340657205839605
114219c,89.06650042086302
114294c,92.14080406095621
114502c,79.58162534097744
114504c,72.23440057475432
114543c,88.53802450792706
114591c,82.78480093903873
114618c,82.44407136871894
114664c,94.273022471419
114725a,49.989494780646005
114739c,82.04678884295629
114747c,76.58986963896186
114800c,81.12021512611231
114946c,59.54778116045903
114994c,119.60427918801149
115000c,58.903385234316616
115001c,72.63458354917125
115010c,62.61712361760238
115041c,99.42687392538338
115042c,90.67884022842107
115089c,100.10405561285552
115140c,64.8577620439177
115192c,54.27719025659349
115195c,69.67338747339936
115212c,76.21193659206844
115213c,86.79434875496379
115226c,75.73907038681276
115229c,69.44585649366074
115281c,52.59010617467653
115289c,52.09939498814914
115313c,79.09466301511279
115327c,57.800743030459245
115329c,78.70556334382266
115333c,57.03934994097848
115334c,56.20643484533971
115354c,54.91099624107837
115364c,70.5146664385642
115370c,82.01855978003552
115372c,62.80798405196889
115391c,93.80327523044569
115393c,41.903974214182334
115400c,97.88678744135943
115404c,74.4899729064417
115406c,84.4360942250171
115417c,80.67557591842551
115424c,100.66526860188013
115444c,103.00169391203178
115473c,68.84811523023757
115476c,55.19907215855504
115501c,81.29830012119503
115503c,102.73930440990438
115514c,81.72049602161002
115515c,86.68309316217507
115523c,89.59114437575796
115535c,50.594246024098496
115551c,71.38058532226901
115564c,85.29937968578247
115565c,51.367568741908045
115584c,81.10865997357281
115699a,64.15852731450886
118117a,61.85764844652766
118137a,52.93772982871235
118138a,82.57889451996911
118151a,73.97410811006039
118168a,89.78935815050126
118181a,82.05776602596876
118183a,91.56006432642312
118198a,100.77787656000154
118201a,95.68318795838863
118272a,59.31242382955111
118284a,72.46698169190246
118299a,58.96521963337787
118323a,59.22445649452222
118338a,102.13087706654687
118347a,108.13074100314672
118353a,81.41984495230831
118551a,63.23057236592385
118552a,70.16398956375693
118560a,66.95839134182194
118563a,91.91290855096047
118568a,69.80414975022484
118705a,82.08590845338531
118711a,58.89899201469647
118724a,67.39642176097581
118725a,68.39058688855579
118728a,100.04337149027502
118738a,50.797106678999576
118810a,62.351171125420834
118823a,63.68997831695546
119063a,50.83394184149399
119064a,58.39086433456214
119067a,51.16747191548002
119072a,60.47227796903086
119074a,99.75367378573245
119136a,71.67263374813506
119284a,46.784357467603925
119290a,75.69151365193092
119293a,89.43318941451685
119298a,51.66923378078279
119311a,51.660009936967136
119312a,79.7070139730305
119315a,76.5759065225614
119331a,53.79056914728087
119340a,61.350142631289195
119354a,76.96232225140814
119373a,68.67016750668297
119402a,45.871103286821494
119421a,83.28708096111411
119437a,77.25001913286499
119458a,61.57002050808304
119520a,99.5762337669082
119526a,75.99080566201035
119527a,82.54380277020272
119535a,82.25567467504773
119546a,57.471021199770874
119548a,62.16583019914768
119564a,67.6214615591924
119566a,83.23686439444106
119637a,56.34750043989114
119649a,73.87984473023675
119650a,64.11873137998876
119668a,59.79237213049278
119678a,61.38715856245771
119680a,82.74850380151166
119685a,75.40741859520898
119688a,71.59306352898456
119708a,59.557233912377264
119710a,75.17868006609659
119714a,57.27797355202988
119841a,93.80849658630827
119949a,76.25257075338867
119954a,75.17876803848998
119958a,110.81776025360004
119965a,70.72369762178717
119968a,94.70563052902806
120033a,61.57117329266771
120049a,63.41932555719576
120062a,43.403750403000245
120182a,71.94544336000831
120183a,89.85175311394838
120190a,65.21729683581823
120250a,63.836823281855175
120262a,66.51066893174183
120295a,77.60844498980767
120303a,93.88839689656919
120322a,107.27360445045684
120417a,93.33876936926153
120561a,71.5628240763609
120567a,75.51523570594823
120568a,71.1461326332494
120601a,83.91940148184499
120680a,58.594440764942775
120682a,77.89264246405217
120685a,85.53492944260303
120702a,73.53586501796346
120718a,74.24173114744362
120746a,92.36913932919927
120751a,82.60472216291612
120755a,76.34765560479374
120773a,80.41708497637326
120812a,63.8018912991488
120898a,47.49942451466553
120907a,79.71452069823893
120910a,77.41597856535641
120937a,63.726633903962394
120939a,69.32228248597836
120949a,74.52938077860371
120955a,72.28663958028883
120956a,73.28149540792708
120960a,92.85958293075231
120968a,42.90374310924643
120969a,77.42148278975239
120970a,62.44381520006414
120971a,68.43763825148936
121085a,96.71018261380175
121128a,88.25586061495737
121131a,62.55284323749859
121133a,104.40577443389141
121134a,91.90465252296738
121149a,47.9967227889424
121156a,75.81646200769364
121171a,64.84953842966912
121180a,76.74151741985746
121181a,68.6747996795249
121195a,75.33053990035059
121202a,81.60893048550662
121205a,86.48679523676051
121208a,53.215000196014884
121224a,76.51086775559706
121230a,100.14974042551043
121231a,69.28084014887811
121326a,79.8696687595908
121341a,75.02067421236629
121344a,78.06232056803516
121345a,70.27100983170594
121385a,73.2138095441263
121454a,55.447258241888
121487a,49.952414014942605
121504a,79.75795223208175
121529a,46.85977592563592
121549a,105.25261390393625
121550a,72.05548311538774
121562a,84.55541766940749
121572a,73.8531490284117
121612a,82.2242733527928
121613a,48.632372675225525
121630a,88.14753164433833
121636a,90.1965304291422
121651a,90.27401607591916
121660a,62.74005386621071
121666a,83.20512934941246
121674a,69.07036174130428
122056a,43.506069528885476
122066a,36.54210698103314
122067a,38.63892311832952
122095a,70.16945861327578
122182a,52.508847801267706
122207a,61.713359624184385
122221a,49.52279491528496
122228a,77.02856831780669
122232a,78.64828158468936
122245a,93.95762987585339
122249a,91.93578733691913
122266a,96.21614019781008
122347a,54.5472248698353
122384a,58.83644249189467
122386a,34.20990039082785
122485a,75.25991113391396
122499a,38.58388213188116
122525a,96.86953006657886
122607a,86.59946434555073
122727a,80.81156850146454
122741a,84.8073463064423
210018c,55.97895460949414
210028c,75.34435669560155
210071b,74.00935381170736
210077b,85.53633288798022
210133b,48.632075045563
210157b,76.10895520021333
210222b,51.112105121581315
210227b,49.40563643120669
210230b,60.15728761161734
210233b,66.76554538388716
210315b,44.55220292086783
210318b,74.92976866137873
210325b,49.25271424501665
210352b,66.24173989488261
210359b,46.16133285811371
210405a,57.98457083439719
210459b,64.32258790834946
210467b,101.14072573113891
210470b,44.15484410935467
210471b,60.88376657190261
210475b,52.1993798773998
210489b,54.5225930411421
210490b,50.781426648431406
210504b,46.33338910889269
210509c,47.96555457215152
210510b,62.68182112363359
210514b,58.275521221895616
210620b,75.64866049078813
210666b,57.34691660688621
210687b,67.84116388348963
210690b,69.59232689980098
210693b,50.65410248204361
210697b,44.08796786668525
210702b,49.067690883060685
210793c,33.638032098233396
210806b,82.83765901063742
210849c,51.76038788990621
210864b,65.61239306699869
210865b,53.61939275913461
210887b,49.50552230658832
210912a,77.98838076154455
210925b,65.41855061259893
210953a,68.76805904440246
210983b,64.27251299489367
211029a,65.61703617380425
211131c,86.09841141125229
211176c,49.3237938924917
211204b,63.422109657551
211219c,61.876136973096045
211222b,59.129272621377105
211355c,63.510936537863834
211358c,45.70558963976593
211386b,70.18535307490126
211417b,36.25739573814289
211441b,62.984604165921496
211446b,63.111503712828515
211451c,48.11346326965557
211452c,42.841035244342486
211458c,50.36232527059969
211579b,75.15403057858862
211586b,64.4588433198705
211593c,51.106796530625154
211595c,53.45312139354242
211603b,65.94303283329629
211614b,57.65578853413079
211670a,31.044037501519384
211736c,53.00658994541036
211800b,51.437814977044454
211813b,48.10573335839947
211817b,58.78331320664561
211820b,58.30118850368537
211839b,61.104824497717985
211840b,80.086753625261
211844b,45.684090474947865
211878c,49.22446390510378
211902a,40.80797792378491
211932a,50.04163134070872
212085c,48.963316507073664
212104b,66.94795570714327
212112c,52.389047100869426
212122b,62.7719206463553
212123b,63.54934414480778
212125b,40.39415000875171
212158c,52.39589443049171
212188c,78.34320361373794
212203b,75.55782778052912
212213a,45.456862453264726
212223b,52.592686290201826
212224b,50.59754293818614
212226b,55.794905307000136
212230a,44.66863353167286
212235b,62.768221341825274
212304a,69.91614331664036
212355c,50.44000362921962
212359c,49.096199416539655
212435a,45.5781169573094
212649c,46.569798950239715
212761a,61.258819213801345
212804a,76.89739066212829
212827c,54.57363730783222
212834c,50.17586904548141
213077c,51.240124910189145
213151a,28.004246393110286
213724a,77.28490862397867
213728c,48.115725273538914
213862c,53.143979993051786
214071c,74.93842952256425
214075c,60.30540204746428
214095c,51.21005071737227
214173c,59.509185975230466
214175c,50.653409309528456
214383c,60.81859952591695
214385c,57.778712842184234
214405c,64.67651293541164
214842a,48.12474803175699
215248a,32.58792201606426
217906a,30.293649281051078
217932a,37.01349444261906
217944a,56.34753063862374
217949a,66.39476900112855
217974a,47.49225701598963
217981a,72.35329569120928
217988a,69.29258707502592
218004a,29.08666324410615
218009a,53.98207496404356
218037a,49.47202774702585
218069a,42.250101867793106
218072a,40.753776076074
218073a,41.69417974949309
218124a,90.60223406001938
218162a,38.35352485661544
218196a,33.43490149047106
218215a,65.16463662554897
218223a,79.78232246191759
218224a,67.34817201851911
218226a,62.03893883523237
218244a,71.16143182613027
218409a,30.51310848868964
218423a,65.75965551373793
218430a,75.50678238971409
218437a,68.54248913152561
218440a,44.125694397645645
218453a,30.69355648741859
218455a,61.25908594853276
218458a,57.07646301595172
218488a,45.68294069823404
218505a,65.01585369655965
218543a,56.96649728879362
218599a,63.33201680793826
218602a,42.15740348879808
218617a,57.953584112396
218638a,70.13438067664866
218654a,93.43124615312158
218656a,89.26369064270527
218659a,33.656556699534306
218673a,43.095965700212226
218694a,50.495512349951326
218700a,89.39481121041624
218846a,72.31358771510709
218848a,57.93662417915524
218861a,73.02381665412106
218881a,54.743438667463344
218894a,82.74466831282152
218898a,34.541492599465116
218970a,60.45219465026912
218972a,36.99559576195902
219097a,66.53490244219854
219125a,72.0830487522418
219185a,41.085542243625184
219195a,66.07925913353104
219197a,66.89526917510437
219248a,75.66484390066634
219249a,44.80459161731232
219264a,78.7109332890877
219267a,48.9965036211372
219358a,65.34255056279565
219369a,54.62662152439632
219450a,35.13857782372305
219516a,28.543973331699515
219586a,58.92819482169628
219591a,44.901325036399605
219594a,81.05859051405734
219598a,39.45208506433639
219609a,54.995214997729335
219630a,30.99232326203483
219741a,68.01000738309615
219744a,57.038315113474034
219747a,81.77033167885398
219751a,64.76333386228931
219755a,42.8842443485033
219756a,41.89406081917667
219758a,57.29066420580305
219767a,37.382308286022365
219769a,74.29755381827808
219777a,57.13277387272238
219778a,39.10469149466709
219779a,61.33832501455017
219784a,42.451667068856125
219785a,62.84005921233595
219791a,54.08950315187016
219795a,55.05456662970138
219805a,42.122825686694114
219869a,60.04298070149886
219988a,40.96703700055143
220017a,37.9263885071573
220111a,46.275527751918084
220124a,48.65323583750683
220138a,52.898991481596575
220144a,53.79667663038655
220145a,53.56944815359602
220149a,59.38719746572993
220151a,42.659924449663784
220160a,52.23082372660019
220207a,41.42957366619623
220208a,87.20510341820415
220232a,70.28435106449757
220274a,56.83432932481549
220346a,83.30516705319143
220353a,87.87281460665864
220363a,56.90167044308606
220366a,53.324433419197156
220368a,78.85517536028887
220380a,44.95739958742523
220382a,43.200176470770266
220467a,61.708731480819644
220476a,54.684437669517024
220477a,71.27881125717413
220480a,80.86665914510476
220493a,64.84681749751162
220528a,53.04863134238615
220531a,47.47562300261712
220533a,63.76722813702757
220534a,62.38103631824437
220548a,53.51547447133733
220559a,47.23505384506251
220578a,47.85232554091354
220587a,41.885056795985655
220624a,44.8749772943583
220646a,48.41421304091233
220651a,54.80281357850949
220666a,58.99938192338084
220743a,59.80614754146654
220829a,92.36923597452127
220846a,47.826556230239525
220867a,44.02239785507343
220869a,77.41852205176593
220873a,78.84776498920266
220881a,61.139118601688224
220986a,65.70345805761038
220993a,65.80252881103105
220998a,48.642956724179605
221003a,46.18303468658863
221032a,43.49599800823047
221038a,51.63384863659313
221067a,25.634792552212183
221070a,56.150228841146074
221115a,79.99449581369215
221235a,45.86763750858398
221241a,52.67186710090259
221243a,70.91192862954153
221264a,44.99288072179437
221265a,41.55913009351459
221270a,49.74467984910357
221282a,47.651788941289404
221368a,40.822424957163605
221369a,68.52924616614466
221388a,45.30442741867162
221398a,59.80666600660747
221400a,79.30591257636974
221415a,75.43757832273609
221416a,80.85222861969827
221465a,32.12776548251819
221683a,69.67491325328125
221696a,34.02267675499666
221707a,37.87883984054009
222075a,47.239673457584196
222080a,70.43629551505863
222083a,47.48024194552691
222085a,44.72060867890839
222086a,49.922731501222714
222092a,44.174969521531594
222110a,58.698650750202475
222112a,64.90613332410423
222114a,48.739652609941864
222137a,81.80178133250314
222143a,52.578341821974
222180a,29.855209596037856
222470a,65.99682352928268
222581a,83.84094108108927
222582a,52.25513946531165
222583a,42.77456752207052
222595a,84.4669958830295
222602a,51.28792811045606
222605a,51.29317480698725
310043c,70.03369795720332
310079c,76.43346854191479
310080c,78.76576284079786
310082c,72.47343709219646
310114c,66.08921248344798
310121b,78.82670471318536
310123c,73.7866276893543
310124b,86.93856599397965
310152a,67.06302155856051
310162c,99.09606921264941
310204c,95.74021492977197
310218c,85.81205336374848
310223c,70.10437492128062
310294b,79.32231599340805
310295b,83.24233244005906
310296c,60.8371911820156
310318c,83.66364760535065
310341a,72.09512514556343
310342a,71.07162191229379
310345a,81.71513600464536
310370a,72.43438616033566
310375b,57.648975410569435
310401c,80.73688762575841
310432b,84.32262229061213
310435a,68.85492578834422
310446a,33.68592278322853
310460a,69.0071790519008
310469b,98.66860271837007
310474b,70.40153128488015
310478a,54.070496229182005
310488a,69.76304007694415
310498c,80.24283979243735
310541c,68.55764574564951
310573c,56.1431993332302
310576b,88.38038467971833
310582c,71.62922123598432
310592c,73.6604017829702
310615b,68.37513853699315
310624c,88.35042232763462
310634b,87.93017399096914
310634c,80.29219825461763
310636c,89.89092628591729
310641c,81.99454731228194
310644c,71.77648223030448
310648b,66.12357114780023
310685c,83.99254711470002
310707c,80.04052202863566
310710c,73.21090865147933
310712c,73.70060228476282
310772c,82.56109040087568
310780c,73.52995724512859
310785b,26.87007797768003
310798c,99.48310065403628
310813b,61.53153639082547
310817b,68.8237322732836
310847c,75.59584829442613
310856b,92.26176258840654
310860b,83.32039997170514
310861b,116.77842671277165
310939c,84.95149658485941
310945a,81.1895201433091
310946c,79.59121352765864
310947c,75.16019969190567
310950c,73.63545426385947
310968c,88.47284765908206
310971c,78.26459627809105
310994a,91.12364734909643
311076c,86.54625912341731
311143b,64.7429064153889
311157b,79.58102809859794
311160c,24.225891693464256
311162c,82.08021056251448
311241a,65.42655714682121
311254c,86.6052942781538
311255c,83.08725801710763
311258c,87.34470936173834
311270c,60.79566742989846
311273c,57.82444356821835
311286c,83.2773826209508
311287c,80.59511588276297
311292c,71.96603344413163
311294b,48.366812942993555
311299c,73.38257386903769
311314b,67.00147699289955
311346b,73.65897607612567
311347b,76.57405146608984
311355b,74.39958028675076
311357b,87.33756164736599
311363a,73.75557603125623
311364a,96.13687981278275
311365a,96.72138829937997
311371b,60.908428506761055
311382c,70.42090290971434
311384c,93.67290198323445
311411a,79.54916072462504
311417c,69.32163569547237
311420a,79.9201083318146
311434c,90.3901181810683
311460a,89.95505575396072
311487a,65.49818468201039
311489a,43.87682331437587
311495b,64.67761079496977
311502b,66.18078442183372
311503b,78.26361349091707
311509a,85.28921262603927
311520a,92.91068675196178
311525a,72.0272071673759
311526a,81.06350916300167
311535b,80.27221961650322
311537b,66.5910879810693
311543a,47.82884551739521
311544b,66.24092686258396
311622b,84.03151946366219
311648b,77.73526446885005
311668c,73.75540237957105
311685c,57.15237144272326
311708b,77.1820026839416
311709b,82.20834034531356
311718b,87.3859267556063
311724b,60.82895601312581
311730b,66.68276478278081
311731b,75.10688138356896
311733c,69.32537440224205
311780c,93.02120060737488
311784c,85.23163085017096
311797c,81.213987052643
311849c,84.9235494742662
311856c,91.34596397098734
311883c,80.38907944156063
311889c,73.34299306679969
311894c,78.78512727762921
311901c,73.6768506974372
311902b,62.488202140568525
311903c,56.963825879344206
311920b,78.43560958838984
311921c,63.67224647301672
311925b,62.38830118576411
311935b,99.31432410555425
311963c,71.66840298838636
311965c,112.53934892143147
312017b,90.84127883181958
312018b,67.2788392708417
312021b,73.0490661456989
312060c,68.91723294728318
312061c,73.7292559176953
312132c,83.62824269723184
312156b,93.31845716828215
312168c,60.57417530586151
312191b,80.73281530371972
312195a,57.809150413527426
312200b,78.36295559734293
312205c,79.78100413857335
312222c,77.7551497861064
312245b,65.61178905896874
312250b,79.90821850137394
312251b,69.22175575986329
312252b,62.897124215935996
312256b,76.30677161694068
312259b,29.954033525528306
312262b,67.23708826340328
312272c,73.28654529104487
312274c,83.97019575096891
312276c,75.79795643475931
312278c,63.407683966567205
312285c,78.82874165316065
312293b,81.26122760621456
312294a,77.07376490401565
312296a,72.54701436361577
312303c,76.12039668324111
312310c,73.38141031888841
312312c,72.91429919828795
312315b,84.11523122502446
312322b,92.7849580879792
312341c,79.82662293208072
312342c,53.893177784571854
312364a,66.5531447775877
312370a,68.36708416600047
312421c,79.84667900385469
312424c,62.029151578305154
312457c,76.88655041764572
312462c,86.86626893502098
312483c,98.85713579703233
312516c,82.22736364364387
312552c,83.96144916424662
312617a,100.05333266465038
312621c,85.62059578057148
312637c,83.35333321494721
312662c,77.24738923055277
312663c,76.59276081595533
312664c,70.13289947309731
312666c,86.54884357881046
312667c,98.43711606192491
312680c,70.77728910750261
312682c,67.76475090449217
312728c,61.53887239204119
312743c,78.67868921239733
312796a,94.07572650381597
312845a,79.22057408917304
312876c,78.97578858967442
312884c,49.16109004892581
312885c,44.449810395197986
312920a,87.03479614630827
312922c,35.953356028913305
312925c,81.67172174085832
312946a,61.05133575641559
312946c,44.85130675665966
312951a,72.43145272522547
312953a,59.97477396270571
312974c,74.78893488034467
312975c,39.04926315262274
312978c,74.2405240505192
313002a,78.85757626064361
313005a,56.648143646814546
313006a,59.91680918420798
313011c,44.12429087500423
313024a,52.07305607751194
313029c,75.04131568287544
313033c,79.45822280732541
313040a,67.72936994210491
313043a,74.71738401367818
313045a,74.21057752820897
313045c,35.023219352465524
313053a,76.87080121135139
313054a,75.40630820023145
313066a,66.63563411105966
313076c,76.10543441337637
313079c,77.23307931306826
313116c,72.85785057575373
313130c,52.058498471501714
313135c,83.49887364559248
313147c,90.72894745327164
313150c,94.98277970432493
313154c,38.147501122182256
313164a,70.3100137283247
313172a,93.55418372199406
313185c,60.22579185249313
313186c,70.09917503025966
313188c,55.809344678685456
313198c,84.68271320249372
313201c,78.15454988265502
313216c,63.79727996094714
313220c,45.30573988728665
313222c,47.72619643080555
313225c,59.2244578232651
313246c,45.806479237267446
313309c,78.18716637523312
313312c,61.587977580200224
313318c,49.51199714353217
313334c,73.11168439967564
313350c,54.6408535249555
313373c,77.23770003976182
313377c,58.51929445990316
313380c,91.56129801380632
313437c,85.14613286870922
313453c,70.97561675591206
313459c,51.092524758980254
313491c,51.34256852844844
313505c,89.34909913660198
313528c,54.82922227048563
313605c,52.39026076291557
313669c,52.28845686096182
313670a,66.24213370048065
313670c,54.53140486484626
313674c,53.689872466445884
313683c,59.570514573729
313694c,70.9870172142725
313695c,48.181162153250604
313702c,93.01389834326574
313703c,74.53667246741927
313709c,60.286858183199826
313715c,79.30486919856085
313743c,82.93644333040709
313770a,87.53054315745584
313794c,76.76312784883613
313804c,58.44944751358434
313832a,65.93175973458717
313837c,78.767835195552
313841c,66.44151821926776
313898c,46.41835522968642
313936c,66.37439870474702
313965c,79.96327940934972
313984c,61.3813005229912
313987c,71.34921490864986
313990c,42.984156692036194
313993c,38.85556289768345
314014c,58.642013440553384
314028c,62.0881271723005
314033c,48.309797865226656
314044c,55.550927319229025
314064a,94.20360380915518
314069a,94.89446033176388
314112c,66.03586398811255
314162c,45.10042873199067
314169c,41.43453148001382
314180c,40.882427002817806
314187c,70.48960913887115
314191c,50.209541764763365
314228a,67.74184569896673
314234a,76.90075381349253
314239a,90.40947408029815
314239c,74.01827036423755
314243c,52.53862553066126
314248c,49.07512615487725
314250c,49.920707735108884
314252c,52.68266830795176
314260c,60.74178975493065
314287c,56.4879505344986
314302c,75.0590823218116
314314c,73.82410201672432
314320c,55.08409868215137
314321c,51.03149706596301
314339c,57.30097125054382
314340c,66.74918233206071
314342c,58.86855810500022
314348c,62.5311121452132
314406a,73.46896735360981
314410a,110.26087658201969
314426a,78.5194084221585
314433a,83.20051509713066
314445a,30.374441288139405
314488c,64.42500068268274
314516c,54.57696956369977
314522c,45.22830886981007
314523c,55.674616304694275
314560c,56.96161139737195
314561c,84.68212275166348
314571c,77.96521009663047
314651c,63.98899246134151
314680c,52.002871769540214
314682c,71.92105219820316
314684c,56.98909004097737
314694c,13.44143466515785
314700c,60.90359198267391
314710c,56.18209050913247
314712c,49.87866880659181
314713c,57.37077112065461
314725c,46.83321952099197
314732c,59.81306178673255
314734c,67.07186394145783
314746c,84.95605608392941
314762c,55.015693298356105
314764c,57.0153694620037
314781c,62.94960984775323
314790c,86.79307764284998
314815c,60.45109859381609
314817c,65.34731934279104
314818c,68.30838770993411
314829c,47.83059496377275
314830c,50.69524049742095
314844c,62.85677120476582
314848c,44.19531109281587
314853c,49.78223236467541
314877c,71.24657862422042
314881c,77.75506418171098
314908c,54.406771824742975
314909c,66.61596530827762
314912c,51.462936652948045
314917c,71.7588259873782
314918c,66.23728274511076
314926c,77.92201149742233
314964c,62.417953947967845
315003c,51.18227320038203
315021c,47.38579860642108
315029c,89.29608075013704
315050c,55.8899713695929
315051c,69.11106990907285
315054c,64.75943225390944
315058c,66.91167557612742
315069c,66.52649882457999
315071c,82.35504722353305
315079c,69.86671754463532
315082c,41.46462663351169
315100c,43.90425761935584
315103c,44.602593646895066
315111c,55.01988064164805
315118c,49.281798173615684
315122c,73.49947308380426
315131c,77.0643825193258
315179c,57.3444578306152
315206c,81.30613288064596
315217c,61.30735568775284
315219c,68.78057256046246
315246c,95.17318597334987
315250c,74.82583828056086
315282c,74.76785428015886
315295a,84.58195698360042
315299a,85.20277591294338
315323c,79.23614323601406
315396c,71.67784341139054
315452c,72.24997464613004
315577a,100.8736334586461
315578a,97.36320761928359
315790a,102.71643568193434
315799a,95.94337936819065
315853a,80.72286859650292
315931a,90.48044712702193
315958a,61.937756791787
315990a,79.80014936857589
316009a,85.68666042402059
316014a,81.5873862751513
316034a,64.09740921224765
316048a,62.28656833613959
316067a,79.14231047166284
316073a,84.29383211144948
316075a,79.56111166199975
316077a,78.05940108110357
316211a,75.40859872132441
316212a,75.62533406678142
316218a,91.36424849158647
316828a,70.60773785268375
316887a,79.31861462234936
316894a,68.70243229132748
316896a,69.97250647899824
317093a,85.24950662118727
317094a,91.2749772430715
317096a,95.97129069929433
317238a,67.73548965225262
317300a,66.36383615837596
317351a,73.66572256418266
317356a,85.21009388215026
317433a,35.89868405695503
317434a,38.71059663730584
317472a,66.83428549909357
317572a,94.64103159909087
317575a,88.83190389966393
317641a,65.37319599622403
317642a,60.388456069686136
317643a,60.79176626678717
318189a,35.03175048619679
318356a,62.24694721219521
318360a,83.99769258461755
318367a,62.72068432950532
318368a,80.72497890382489
318379a,48.816606450318645
318520a,46.87472201797685
319553a,69.38101734783098
319694a,36.12792404980711
320221a,80.53223771728513
320222a,107.16363446067521
320769a,87.51061380295212
320798a,74.58094992155787
320892a,70.06202391325728
321164a,49.2081400917966
321318a,87.2294353433151
321325a,91.58794051392444
321715a,75.9308189215895
321716a,70.94433114285607
322259a,80.21387155359538
410075a,43.20349236129938
410076a,51.97263381213536
410091a,53.67257214861907
410146a,65.46661441271132
410219a,44.824043803792335
410220a,42.93584579595714
410229a,53.169293797228036
410362a,63.769184553686316
410571a,38.20998529340203
410849a,63.27199950780098
411036a,89.35705127070166
411134a,50.323632609903406
411160a,55.316227123770865
411165a,72.33877678840972
411167a,78.96564566519677
411383a,56.04900666332635
411405a,68.81028203602709
411408a,74.30617397319864
411687a,23.763115282377285
412188a,54.88254751842212
412189a,50.75217760648614
412190a,50.06277194576191
412193a,55.89552348939118
412239a,53.669563813124334
412248a,72.66263476028347
412276a,37.60626271250929
412356a,71.23614572124039
412488a,46.500280349213334
412493a,44.12696667495334
412494a,40.39581559909943
412499a,43.96346432489749
412501a,36.75621365926643
412519a,63.52767247817632
412526a,52.927268488952784
412564a,57.141890085780055
412574a,48.10893849082894
412575a,56.137377656943535
412773a,61.30406999919296
412774a,56.72479974335738
412833a,73.32941157911785
412842a,79.00813047012845
413079a,38.213508603838456
413091a,47.46977551166607
413226a,57.36846941297393
413659a,52.74618311149475
413662a,74.27927678158537
413716a,74.80491048636956
413743a,38.53017275515922
413744a,36.91537838283152
413981a,55.62757802214895
413995a,42.08403687461319
414019a,62.54235555962792
414033a,66.83397955116104
414093a,46.52976503046595
414226a,63.000659239117226
414286a,76.01836488760571
414288a,58.87675825581584
414506a,32.64064157430895
414517a,45.21136641878091
415113a,61.62057571079699
415114a,60.39673328311775
415115a,65.16798890329781
415167a,55.698598587251794
415175a,77.74287827812168
415289a,77.83904321505415
415294a,78.93247105259584
415401a,56.347090105417564
415421a,56.909013513681316
415433a,56.072477452730354
415437a,48.78368892611902
415467a,69.26385699058726
415475a,63.50313444464601
415481a,68.42596722028686
415483a,71.45118520225373
415484a,65.04999966245407
415492a,53.94024882062528
415516a,63.40247241826523
415521a,60.91034656752076
415532a,63.10329225178633
415538a,57.642309784091694
415608a,51.03966788505147
415767a,71.99858016290912
415771a,63.550430907730714
415773a,63.78321800300656
415838a,72.14962833893892
416116a,84.61514898282711
416420a,92.89474143817179
416724a,55.93905989188732
416787a,71.0643688484894
416965a,52.73078685583597
416990a,41.95936852163877
416996a,35.88796126741423
416998a,32.621081480187115
417003a,58.89072633524974
417009a,51.45672055035884
417055a,47.10583188738757
417063a,53.45106694627336
417064a,55.19094883701459
417125a,65.37892017749067
417229a,51.483611624653264
417272a,67.65765104408675
417276a,60.19253110603369
417282a,64.52300525461182
417284a,61.032515423710734
417853a,53.27410782269233
417861a,43.742069886294615
419461a,44.29001072538198
419469a,36.00155056151562
419482a,23.495804605314277
419490a,65.11226538122743
419502a,90.88746952529627
419858a,70.83733249922925
419894a,37.30769347898247
419901a,42.91768730549429
419904a,44.67553325567433
419918a,49.51967986541951
419928a,42.45715085214624
421514a,55.99161405393079
421866a,91.82493257397951
